date,success,load_time_s,total_pixels,valid_pixels,fraction_valid,mean_NO2
2019-01-01,True,1.6049208641052246,770,34,0.04415584415584416,4.247078686603345e-05
2019-01-02,True,1.1882307529449463,770,493,0.6402597402597403,2.755404966592323e-05
2019-01-03,True,1.1647000312805176,770,15,0.01948051948051948,1.972021891560871e-05
2019-01-04,True,1.1277761459350586,770,0,0.0,
2019-01-05,True,1.2293586730957031,770,0,0.0,
2019-01-06,True,1.0214776992797852,770,29,0.03766233766233766,-6.968668913032161e-06
2019-01-07,True,1.1260387897491455,770,0,0.0,
2019-01-08,True,1.0720140933990479,770,211,0.274025974025974,-1.568251354910899e-05
2019-01-09,True,1.1804218292236328,770,286,0.37142857142857144,8.129509296850301e-06
2019-01-10,True,1.2284166812896729,770,0,0.0,
2019-01-11,True,1.148496150970459,770,0,0.0,
2019-01-12,True,1.118128776550293,770,0,0.0,
2019-01-13,True,1.1060841083526611,770,0,0.0,
2019-01-14,True,1.230376958847046,770,172,0.22337662337662337,2.648491681611631e-05
2019-01-15,True,1.5334351062774658,770,0,0.0,
2019-01-16,True,1.2771990299224854,770,0,0.0,
2019-01-17,True,1.233886957168579,770,0,0.0,
2019-01-18,True,1.27652907371521,770,741,0.9623376623376624,0.00020979881810490042
2019-01-19,True,1.8455569744110107,770,648,0.8415584415584415,7.736348925391212e-05
2019-01-20,True,1.879101037979126,770,750,0.974025974025974,0.00011930794426007196
2019-01-21,True,1.152514934539795,770,737,0.9571428571428572,0.0002793112362269312
2019-01-22,True,1.1635510921478271,770,188,0.24415584415584415,7.700686546741053e-05
2019-01-23,True,1.2029659748077393,770,53,0.06883116883116883,0.00025581452064216137
2019-01-24,True,1.2505059242248535,770,0,0.0,
2019-01-25,True,1.229585886001587,770,0,0.0,
2019-01-26,True,1.3316829204559326,770,0,0.0,
2019-01-27,True,1.3584990501403809,770,0,0.0,
2019-01-28,True,1.199629783630371,770,0,0.0,
2019-01-29,True,1.125715970993042,770,348,0.45194805194805193,0.0001868431136244908
2019-01-30,True,1.125622034072876,770,0,0.0,
2019-01-31,True,0.9604370594024658,770,0,0.0,
2019-02-01,True,1.288728952407837,770,0,0.0,
2019-02-02,True,1.4272031784057617,770,0,0.0,
2019-02-03,True,1.235504150390625,770,226,0.2935064935064935,8.001254172995687e-05
2019-02-04,True,1.164135217666626,770,0,0.0,
2019-02-05,True,1.1888649463653564,770,8,0.01038961038961039,0.00016655144281685352
2019-02-06,True,1.110426664352417,770,0,0.0,
2019-02-07,True,1.1431031227111816,770,272,0.35324675324675325,0.00012065010378137231
2019-02-08,True,0.9697329998016357,770,0,0.0,
2019-02-09,True,1.7921130657196045,770,112,0.14545454545454545,5.487436646944843e-05
2019-02-10,True,1.2299530506134033,770,0,0.0,
2019-02-11,True,1.2265360355377197,770,300,0.38961038961038963,6.265947013162076e-05
2019-02-12,True,1.7395672798156738,770,116,0.15064935064935064,0.00012297506327740848
2019-02-13,True,1.1624858379364014,770,137,0.17792207792207793,0.0001822160993469879
2019-02-14,True,1.083928108215332,770,739,0.9597402597402598,0.00020711326214950532
2019-02-15,True,1.0751118659973145,770,770,1.0,0.00012747191067319363
2019-02-16,True,1.0811820030212402,770,352,0.45714285714285713,0.0002260695764562115
2019-02-17,True,1.2259938716888428,770,770,1.0,0.0001447524264222011
2019-02-18,True,1.23028564453125,770,770,1.0,0.00018431544594932348
2019-02-19,True,1.666604995727539,770,6,0.007792207792207792,0.00012404558947309852
2019-02-20,True,1.1689190864562988,770,105,0.13636363636363635,0.00018178204481955618
2019-02-21,True,1.2548978328704834,770,135,0.17532467532467533,0.00014901813119649887
2019-02-22,True,1.2035331726074219,770,0,0.0,
2019-02-23,True,1.252243995666504,770,770,1.0,0.00010068386472994462
2019-02-24,True,1.6426639556884766,770,770,1.0,0.0001277797418879345
2019-02-25,True,1.0707409381866455,770,770,1.0,0.00023392029106616974
2019-02-26,True,1.1739912033081055,770,770,1.0,0.00029423279920592904
2019-02-27,True,1.1294441223144531,770,770,1.0,0.00028018179000355303
2019-02-28,True,1.0255229473114014,770,744,0.9662337662337662,0.0003983396745752543
2019-03-01,True,1.1247408390045166,770,0,0.0,
2019-03-02,True,1.12416410446167,770,263,0.34155844155844156,0.00014934457431081682
2019-03-03,True,1.1186060905456543,770,0,0.0,
2019-03-04,True,1.1320979595184326,770,0,0.0,
2019-03-05,True,1.2283570766448975,770,92,0.11948051948051948,8.332304423674941e-05
2019-03-06,True,1.1287221908569336,770,0,0.0,
2019-03-07,True,1.2206568717956543,770,190,0.24675324675324675,5.123448499944061e-05
2019-03-08,True,1.1323802471160889,770,225,0.2922077922077922,0.00010706213652156293
2019-03-09,True,0.9586069583892822,770,0,0.0,
2019-03-10,True,1.2083361148834229,770,0,0.0,
2019-03-11,True,1.207988977432251,770,110,0.14285714285714285,7.804801862221211e-05
2019-03-12,True,1.1748738288879395,770,0,0.0,
2019-03-13,True,1.7948579788208008,770,0,0.0,
2019-03-14,True,1.3287630081176758,770,0,0.0,
2019-03-15,True,1.5328309535980225,770,0,0.0,
2019-03-16,True,1.4373538494110107,770,0,0.0,
2019-03-17,True,2.3558509349823,770,302,0.3922077922077922,5.9825590142281726e-05
2019-03-18,True,2.4553709030151367,770,148,0.19220779220779222,0.00010684884910006076
2019-03-19,True,1.329293966293335,770,770,1.0,0.00022898425231687725
2019-03-20,True,1.3292179107666016,770,0,0.0,
2019-03-21,True,1.330235242843628,770,770,1.0,0.00030831267940811813
2019-03-22,True,1.3319227695465088,770,770,1.0,0.00018976729188580066
2019-03-23,True,1.433351993560791,770,45,0.05844155844155844,8.165501640178263e-05
2019-03-24,True,1.2017061710357666,770,381,0.4948051948051948,7.677555549889803e-05
2019-03-25,True,1.251600980758667,770,166,0.21558441558441557,2.319777740922291e-05
2019-03-26,True,1.2799842357635498,770,0,0.0,
2019-03-27,True,1.1667771339416504,770,97,0.12597402597402596,0.00019623589469119906
2019-03-28,True,1.2399930953979492,770,2,0.0025974025974025974,0.00011347761756042019
2019-03-29,True,1.123002052307129,770,770,1.0,0.00017598412523511797
2019-03-30,True,1.0139410495758057,770,654,0.8493506493506493,0.000131690307171084
2019-03-31,True,1.1375439167022705,770,275,0.35714285714285715,7.936493784654886e-05
2019-04-01,True,1.1665232181549072,770,770,1.0,0.00013772114471066743
2019-04-02,True,0.9905970096588135,770,0,0.0,
2019-04-03,True,0.25315380096435547,770,0,0.0,
2019-04-04,True,1.1701991558074951,770,0,0.0,
2019-04-05,True,1.06876802444458,770,0,0.0,
2019-04-06,True,1.220625877380371,770,62,0.08051948051948052,7.338531577261165e-05
2019-04-07,True,1.0398907661437988,770,594,0.7714285714285715,5.822610546601936e-05
2019-04-08,True,1.376979112625122,770,511,0.6636363636363637,0.00014108217146713287
2019-04-09,True,1.0230021476745605,770,702,0.9116883116883117,8.826096745906398e-05
2019-04-10,True,1.3299119472503662,770,770,1.0,0.00012191628775326535
2019-04-11,True,1.1918671131134033,770,287,0.37272727272727274,0.0001926292316056788
2019-04-12,True,1.1333911418914795,770,0,0.0,
2019-04-13,True,1.257749080657959,770,163,0.21168831168831168,7.69542675698176e-05
2019-04-14,True,1.1267776489257812,770,286,0.37142857142857144,9.512385440757498e-05
2019-04-15,True,0.21303486824035645,770,0,0.0,
2019-04-16,True,2.7548470497131348,770,770,1.0,0.00016772588423918933
2019-04-17,True,1.2050540447235107,770,0,0.0,
2019-04-18,True,1.9705557823181152,770,770,1.0,7.727503543719649e-05
2019-04-19,True,1.119473934173584,770,770,1.0,8.132041693897918e-05
2019-04-20,True,1.0299978256225586,770,770,1.0,0.00010510882566450164
2019-04-21,True,1.1229581832885742,770,384,0.4987012987012987,0.00010825216304510832
2019-04-22,True,1.5959489345550537,770,770,1.0,5.298381802276708e-05
2019-04-23,True,1.1683599948883057,770,378,0.4909090909090909,4.4505279220175e-05
2019-04-24,True,1.189323902130127,770,770,1.0,6.666115950793028e-05
2019-04-25,True,1.3052308559417725,770,474,0.6155844155844156,9.44292260101065e-05
2019-04-26,True,1.1880691051483154,770,0,0.0,
2019-04-27,True,1.2308928966522217,770,223,0.2896103896103896,0.00010617256339173764
2019-04-28,True,1.2227871417999268,770,0,0.0,
2019-04-29,True,1.3328790664672852,770,40,0.05194805194805195,6.524811760755256e-05
2019-04-30,True,1.1612122058868408,770,770,1.0,8.785053069004789e-05
2019-05-01,True,1.3732428550720215,770,248,0.3220779220779221,0.00010495792230358347
2019-05-02,True,1.1518421173095703,770,0,0.0,
2019-05-03,True,1.1075727939605713,770,0,0.0,
2019-05-04,True,1.4510610103607178,770,235,0.3051948051948052,4.6206569095375016e-05
2019-05-05,True,1.5327832698822021,770,110,0.14285714285714285,4.4578271626960486e-05
2019-05-06,True,1.3303148746490479,770,107,0.13896103896103895,8.691264520166442e-05
2019-05-07,True,1.46614408493042,770,0,0.0,
2019-05-08,True,1.1974470615386963,770,0,0.0,
2019-05-09,True,1.3241500854492188,770,0,0.0,
2019-05-10,True,1.3351249694824219,770,30,0.03896103896103896,7.62828640290536e-05
2019-05-11,True,2.1513237953186035,770,0,0.0,
2019-05-12,True,1.1233432292938232,770,197,0.2558441558441558,6.251826562220231e-05
2019-05-13,True,1.1271049976348877,770,770,1.0,9.828119073063135e-05
2019-05-14,True,1.6384129524230957,770,652,0.8467532467532467,8.90055816853419e-05
2019-05-15,True,1.4331421852111816,770,770,1.0,6.628635310335085e-05
2019-05-16,True,1.4266228675842285,770,8,0.01038961038961039,6.061378007871099e-05
2019-05-17,True,1.437072992324829,770,0,0.0,
2019-05-18,True,1.1935498714447021,770,217,0.2818181818181818,0.00017560005653649569
2019-05-19,True,1.161048173904419,770,73,0.09480519480519481,8.32103833090514e-05
2019-05-20,True,1.4312360286712646,770,0,0.0,
2019-05-21,True,1.5342903137207031,770,0,0.0,
2019-05-22,True,1.4460911750793457,770,194,0.2519480519480519,7.275654934346676e-05
2019-05-23,True,1.3190422058105469,770,343,0.44545454545454544,0.0001785861240932718
2019-05-24,True,1.6156539916992188,770,6,0.007792207792207792,8.741678902879357e-05
2019-05-25,True,1.5567348003387451,770,340,0.44155844155844154,7.732596714049578e-05
2019-05-26,True,1.534857988357544,770,0,0.0,
2019-05-27,True,1.3315341472625732,770,0,0.0,
2019-05-28,True,1.2567741870880127,770,6,0.007792207792207792,0.00010026444942923263
2019-05-29,True,1.2350890636444092,770,730,0.948051948051948,0.00013018805475439876
2019-05-30,True,1.4002397060394287,770,0,0.0,
2019-05-31,True,1.0225348472595215,770,171,0.22207792207792207,6.707512511638924e-05
2019-06-01,True,1.431159257888794,770,770,1.0,5.801203951705247e-05
2019-06-02,True,1.330368995666504,770,734,0.9532467532467532,4.4007738324580714e-05
2019-06-03,True,1.127856969833374,770,0,0.0,
2019-06-04,True,1.4326062202453613,770,143,0.18571428571428572,4.378495941637084e-05
2019-06-05,True,1.4334747791290283,770,260,0.33766233766233766,7.79784022597596e-05
2019-06-06,True,1.3290581703186035,770,0,0.0,
2019-06-07,True,1.531404733657837,770,726,0.9428571428571428,4.982897007721476e-05
2019-06-08,True,1.1298439502716064,770,281,0.36493506493506495,2.9126778827048838e-05
2019-06-09,True,1.329089879989624,770,326,0.42337662337662335,6.345169094856828e-05
2019-06-10,True,1.4338359832763672,770,43,0.05584415584415584,0.0001186920126201585
2019-06-11,True,1.0460851192474365,770,544,0.7064935064935065,0.00011464265116956085
2019-06-12,True,1.4120259284973145,770,0,0.0,
2019-06-13,True,1.4325859546661377,770,74,0.09610389610389611,2.1430712877190672e-05
2019-06-14,True,1.124169111251831,770,708,0.9194805194805195,0.00011909675231436267
2019-06-15,True,1.4313499927520752,770,120,0.15584415584415584,4.310363146942109e-05
2019-06-16,True,1.2400999069213867,770,234,0.3038961038961039,3.372359788045287e-05
2019-06-17,True,1.422515869140625,770,381,0.4948051948051948,8.035570499487221e-05
2019-06-18,True,1.229537010192871,770,161,0.20909090909090908,5.381231676437892e-05
2019-06-19,True,1.2264831066131592,770,215,0.2792207792207792,7.538344652857631e-05
2019-06-20,True,1.4336118698120117,770,0,0.0,
2019-06-21,True,1.3462579250335693,770,182,0.23636363636363636,5.6367251090705395e-05
2019-06-22,True,1.3125958442687988,770,695,0.9025974025974026,5.1970633649034426e-05
2019-06-23,True,1.3507351875305176,770,590,0.7662337662337663,4.4620490371016786e-05
2019-06-24,True,1.2091000080108643,770,419,0.5441558441558442,7.651167834410444e-05
2019-06-25,True,1.4326791763305664,770,721,0.9363636363636364,6.080965977162123e-05
2019-06-26,True,1.533860206604004,770,770,1.0,7.513392483815551e-05
2019-06-27,True,1.354936122894287,770,770,1.0,7.584827835671604e-05
2019-06-28,True,1.6140689849853516,770,770,1.0,8.974497905001044e-05
2019-06-29,True,1.33144211769104,770,770,1.0,8.788213017396629e-05
2019-06-30,True,0.9876911640167236,770,770,1.0,6.558305176440626e-05
2019-07-01,True,1.3653171062469482,770,110,0.14285714285714285,4.0401038859272376e-05
2019-07-02,True,1.2750883102416992,770,35,0.045454545454545456,4.8885074647841975e-05
2019-07-03,True,1.282724142074585,770,155,0.2012987012987013,3.389342236914672e-05
2019-07-04,True,1.344825029373169,770,770,1.0,7.955342152854428e-05
2019-07-05,True,0.952958345413208,770,677,0.8792207792207792,9.390975901624188e-05
2019-07-06,True,1.4897091388702393,770,198,0.2571428571428571,6.424628372769803e-05
2019-07-07,True,1.3297159671783447,770,37,0.048051948051948054,6.20552382315509e-05
2019-07-08,True,1.2676539421081543,770,0,0.0,
2019-07-09,True,1.38972806930542,770,37,0.048051948051948054,5.767874972661957e-05
2019-07-10,True,1.1312870979309082,770,0,0.0,
2019-07-11,True,1.1560471057891846,770,0,0.0,
2019-07-12,True,1.3685157299041748,770,6,0.007792207792207792,0.00011833928874693811
2019-07-13,True,1.3870956897735596,770,10,0.012987012987012988,1.9081009668298066e-05
2019-07-14,True,1.2660191059112549,770,0,0.0,
2019-07-15,True,0.2528507709503174,770,0,0.0,
2019-07-16,True,1.3168458938598633,770,0,0.0,
2019-07-17,True,1.3492841720581055,770,47,0.06103896103896104,8.926550799515098e-05
2019-07-18,True,1.320343017578125,770,10,0.012987012987012988,8.030544267967343e-05
2019-07-19,True,1.4260647296905518,770,133,0.17272727272727273,9.097333531826735e-05
2019-07-20,True,1.5360407829284668,770,26,0.033766233766233764,2.7483187295729294e-05
2019-07-21,True,1.1358997821807861,770,61,0.07922077922077922,7.178031228249893e-05
2019-07-22,True,1.223402976989746,770,634,0.8233766233766234,6.81356032146141e-05
2019-07-23,True,1.4326629638671875,770,770,1.0,8.201281889341772e-05
2019-07-24,True,1.43385910987854,770,770,1.0,8.428077126154676e-05
2019-07-25,True,1.2284491062164307,770,770,1.0,8.656050340505317e-05
2019-07-26,True,1.325117826461792,770,490,0.6363636363636364,8.661268657306209e-05
2019-07-27,True,1.2319481372833252,770,86,0.11168831168831168,6.243763345992193e-05
2019-07-28,True,1.4283390045166016,770,0,0.0,
2019-07-29,True,1.5347900390625,770,424,0.5506493506493506,9.060304000740871e-05
2019-07-30,True,1.4383790493011475,770,644,0.8363636363636363,8.381459338124841e-05
2019-07-31,True,1.3092308044433594,770,15,0.01948051948051948,4.4162097765365615e-05
2019-08-01,True,1.1154570579528809,770,0,0.0,
2019-08-02,True,1.4621078968048096,770,128,0.16623376623376623,5.351385334506631e-05
2019-08-03,True,1.292283058166504,770,0,0.0,
2019-08-04,True,1.4732847213745117,770,715,0.9285714285714286,8.731927664484829e-05
2019-08-05,True,1.580204963684082,770,563,0.7311688311688311,9.098534064833075e-05
2019-08-06,True,1.4871139526367188,770,26,0.033766233766233764,9.835512901190668e-05
2019-08-07,True,1.3331620693206787,770,12,0.015584415584415584,3.857519550365396e-05
2019-08-08,True,1.8397550582885742,770,168,0.21818181818181817,6.596291495952755e-05
2019-08-09,True,1.3070499897003174,770,0,0.0,
2019-08-10,True,2.5845420360565186,770,83,0.10779220779220779,3.308290251879953e-05
2019-08-11,True,1.1464471817016602,770,0,0.0,
2019-08-12,True,1.412388801574707,770,74,0.09610389610389611,5.735814193030819e-05
2019-08-13,True,2.078778028488159,770,6,0.007792207792207792,5.678214074578136e-05
2019-08-14,True,1.500441074371338,770,639,0.8298701298701299,7.827246736269444e-05
2019-08-15,True,1.229429006576538,770,8,0.01038961038961039,5.731552664656192e-05
2019-08-16,True,1.4351301193237305,770,75,0.09740259740259741,6.602903158636764e-05
2019-08-17,True,1.1240198612213135,770,0,0.0,
2019-08-18,True,1.2134859561920166,770,0,0.0,
2019-08-19,True,1.141127109527588,770,112,0.14545454545454545,4.629194881999865e-05
2019-08-20,True,1.3303499221801758,770,214,0.2779220779220779,7.021339115453884e-05
2019-08-21,True,1.2264220714569092,770,662,0.8597402597402597,0.00013110959844198078
2019-08-22,True,1.2271268367767334,770,770,1.0,8.85117769939825e-05
2019-08-23,True,1.4346961975097656,770,770,1.0,0.00013355253031477332
2019-08-24,True,1.2394897937774658,770,770,1.0,9.145990043180063e-05
2019-08-25,True,1.2615039348602295,770,704,0.9142857142857143,7.669709157198668e-05
2019-08-26,True,1.2124061584472656,770,746,0.9688311688311688,0.0001083923561964184
2019-08-27,True,1.505601167678833,770,432,0.561038961038961,0.0001430868578609079
2019-08-28,True,1.3185982704162598,770,96,0.12467532467532468,0.00014915312931407243
2019-08-29,True,1.3120501041412354,770,152,0.1974025974025974,8.850618178257719e-05
2019-08-30,True,1.2557768821716309,770,770,1.0,0.00017576217942405492
2019-08-31,True,1.2295701503753662,770,644,0.8363636363636363,8.629660442238674e-05
2019-09-01,True,1.1451787948608398,770,0,0.0,
2019-09-02,True,1.1092548370361328,770,372,0.4831168831168831,8.799192437436432e-05
2019-09-03,True,1.1174798011779785,770,0,0.0,
2019-09-04,True,1.2323989868164062,770,526,0.6831168831168831,0.00010903462680289522
2019-09-05,True,1.1361021995544434,770,95,0.12337662337662338,5.228982990956865e-05
2019-09-06,True,1.1325700283050537,770,770,1.0,0.00012827760656364262
2019-09-07,True,1.213705062866211,770,24,0.03116883116883117,3.957259832532145e-05
2019-09-08,True,1.1737911701202393,770,12,0.015584415584415584,6.860474968561903e-05
2019-09-09,True,1.1751677989959717,770,17,0.02207792207792208,9.28350564208813e-05
2019-09-10,True,1.2317349910736084,770,542,0.7038961038961039,0.00017004259279929101
2019-09-11,True,1.080838918685913,770,0,0.0,
2019-09-12,True,1.0741291046142578,770,330,0.42857142857142855,0.0001472016010666266
2019-09-13,True,1.2118310928344727,770,82,0.10649350649350649,5.934228465775959e-05
2019-09-14,True,1.1357219219207764,770,770,1.0,9.200291242450476e-05
2019-09-15,True,1.2259271144866943,770,770,1.0,0.000106594838143792
2019-09-16,True,1.149163007736206,770,0,0.0,
2019-09-17,True,1.2092370986938477,770,48,0.06233766233766234,0.00010384381312178448
2019-09-18,True,1.3264272212982178,770,263,0.34155844155844156,8.514519868185744e-05
2019-09-19,True,1.3331730365753174,770,747,0.9701298701298702,7.642210402991623e-05
2019-09-20,True,1.2966620922088623,770,770,1.0,0.00019205917487852275
2019-09-21,True,1.3651220798492432,770,770,1.0,8.45072790980339e-05
2019-09-22,True,1.3298530578613281,770,635,0.8246753246753247,9.576039155945182e-05
2019-09-23,True,1.3311290740966797,770,106,0.13766233766233765,9.255037730326876e-05
2019-09-24,True,1.4308528900146484,770,0,0.0,
2019-09-25,True,1.1954841613769531,770,78,0.1012987012987013,6.727615982526913e-05
2019-09-26,True,1.2599880695343018,770,0,0.0,
2019-09-27,True,1.2735869884490967,770,312,0.4051948051948052,6.518069858429953e-05
2019-09-28,True,1.3027300834655762,770,0,0.0,
2019-09-29,True,1.5191149711608887,770,0,0.0,
2019-09-30,True,1.6387300491333008,770,161,0.20909090909090908,9.04405751498416e-05
2019-10-01,True,1.1636381149291992,770,0,0.0,
2019-10-02,True,1.2903239727020264,770,286,0.37142857142857144,5.239566962700337e-05
2019-10-03,True,1.3312358856201172,770,38,0.04935064935064935,7.588844891870394e-05
2019-10-04,True,1.3324110507965088,770,0,0.0,
2019-10-05,True,1.2277238368988037,770,33,0.04285714285714286,8.719100878806785e-05
2019-10-06,True,1.3292720317840576,770,0,0.0,
2019-10-07,True,1.3305039405822754,770,45,0.05844155844155844,7.905550592113286e-05
2019-10-08,True,1.3294787406921387,770,0,0.0,
2019-10-09,True,1.3318519592285156,770,6,0.007792207792207792,8.295951556647196e-05
2019-10-10,True,1.432729959487915,770,187,0.24285714285714285,8.583897579228505e-05
2019-10-11,True,1.5339362621307373,770,0,0.0,
2019-10-12,True,1.2276768684387207,770,128,0.16623376623376623,7.16254289727658e-05
2019-10-13,True,1.1034460067749023,770,677,0.8792207792207792,6.159016629680991e-05
2019-10-14,True,1.3577640056610107,770,484,0.6285714285714286,0.00015789319877512753
2019-10-15,True,1.4290010929107666,770,0,0.0,
2019-10-16,True,1.442491054534912,770,0,0.0,
2019-10-17,True,1.4227190017700195,770,94,0.12207792207792208,0.00011909755266970024
2019-10-18,True,1.4334931373596191,770,127,0.16493506493506493,5.446037175715901e-05
2019-10-19,True,1.250216007232666,770,9,0.011688311688311689,0.0001522209495306015
2019-10-20,True,1.617466926574707,770,0,0.0,
2019-10-21,True,1.2423160076141357,770,423,0.5493506493506494,0.00010565036063781008
2019-10-22,True,1.4175939559936523,770,4,0.005194805194805195,0.00015970268577802926
2019-10-23,True,1.330502986907959,770,767,0.9961038961038962,0.00014943661517463624
2019-10-24,True,1.2286369800567627,770,586,0.7610389610389611,0.0001542514219181612
2019-10-25,True,1.2298669815063477,770,770,1.0,0.00010845954238902777
2019-10-26,True,1.226578950881958,770,614,0.7974025974025974,6.371564086293802e-05
2019-10-27,True,1.4325339794158936,770,78,0.1012987012987013,9.140347538050264e-05
2019-10-28,True,1.3304970264434814,770,325,0.42207792207792205,0.000135020338348113
2019-10-29,True,1.3285272121429443,770,556,0.7220779220779221,9.203286754200235e-05
2019-10-30,True,1.0731539726257324,770,433,0.5623376623376624,0.00014951599587220699
2019-10-31,True,1.1789968013763428,770,770,1.0,0.0001604978897375986
2019-11-01,True,1.331624984741211,770,0,0.0,
2019-11-02,True,1.1256649494171143,770,139,0.18051948051948052,6.291821046033874e-05
2019-11-03,True,1.2614929676055908,770,105,0.13636363636363635,5.89213304920122e-05
2019-11-04,True,1.1957621574401855,770,223,0.2896103896103896,6.980101170483977e-05
2019-11-05,True,1.4309720993041992,770,218,0.2831168831168831,7.238920807139948e-05
2019-11-06,True,1.228384017944336,770,136,0.17662337662337663,8.13596707303077e-05
2019-11-07,True,1.116966962814331,770,0,0.0,
2019-11-08,True,1.2235069274902344,770,587,0.7623376623376623,0.00020485403365455568
2019-11-09,True,1.24151611328125,770,53,0.06883116883116883,8.661785977892578e-05
2019-11-10,True,1.1260318756103516,770,770,1.0,0.00018089394143316895
2019-11-11,True,1.158860683441162,770,211,0.274025974025974,7.000329060247168e-05
2019-11-12,True,1.1870551109313965,770,0,0.0,
2019-11-13,True,1.2365028858184814,770,13,0.016883116883116882,0.0001522483362350613
2019-11-14,True,1.434169054031372,770,140,0.18181818181818182,9.2834590759594e-05
2019-11-15,True,1.2105908393859863,770,0,0.0,
2019-11-16,True,1.2421250343322754,770,232,0.3012987012987013,5.572019290411845e-05
2019-11-17,True,1.1266608238220215,770,0,0.0,
2019-11-18,True,1.3320589065551758,770,0,0.0,
2019-11-19,True,1.1390788555145264,770,80,0.1038961038961039,0.00010109599679708481
2019-11-20,True,1.1131768226623535,770,385,0.5,0.00030678114853799343
2019-11-21,True,1.2254347801208496,770,147,0.19090909090909092,0.0002218954177806154
2019-11-22,True,2.5136492252349854,770,693,0.9,0.00012696330668404698
2019-11-23,True,1.1762630939483643,770,306,0.3974025974025974,0.0001097669082810171
2019-11-24,True,2.6100449562072754,770,502,0.6519480519480519,0.00018276057380717248
2019-11-25,True,1.3128278255462646,770,11,0.014285714285714285,0.00022166065173223615
2019-11-26,True,1.291057825088501,770,0,0.0,
2019-11-27,True,1.241279125213623,770,26,0.033766233766233764,3.343149001011625e-05
2019-11-28,True,1.319267988204956,770,0,0.0,
2019-11-29,True,1.2271549701690674,770,736,0.9558441558441558,8.477771189063787e-05
2019-11-30,True,1.1977629661560059,770,752,0.9766233766233766,0.0002146287151845172
2019-12-01,True,1.106661319732666,770,39,0.05064935064935065,-1.2882060218544211e-05
2019-12-02,True,1.1760931015014648,770,251,0.32597402597402597,0.00016212399350479245
2019-12-03,True,1.1522769927978516,770,207,0.2688311688311688,0.0001865975937107578
2019-12-04,True,1.200559139251709,770,770,1.0,0.00015942796017043293
2019-12-05,True,1.1319451332092285,770,503,0.6532467532467533,0.00027953292010352015
2019-12-06,True,1.0670831203460693,770,0,0.0,
2019-12-07,True,1.1715991497039795,770,0,0.0,
2019-12-08,True,1.161945104598999,770,68,0.08831168831168831,3.063316034968011e-05
2019-12-09,True,1.0123939514160156,770,187,0.24285714285714285,7.873125287005678e-05
2019-12-10,True,1.105705976486206,770,659,0.8558441558441559,0.00014955874939914793
2019-12-11,True,1.2288451194763184,770,0,0.0,
2019-12-12,True,1.3294920921325684,770,691,0.8974025974025974,7.432330312440172e-05
2019-12-13,True,1.3300349712371826,770,0,0.0,
2019-12-14,True,1.2284700870513916,770,454,0.5896103896103896,4.0806567994877696e-05
2019-12-15,True,1.2279839515686035,770,649,0.8428571428571429,5.3247989853844047e-05
2019-12-16,True,1.1235888004302979,770,0,0.0,
2019-12-17,True,1.229430913925171,770,97,0.12597402597402596,2.8474458304117434e-05
2019-12-18,True,1.2281749248504639,770,770,1.0,0.000156818627147004
2019-12-19,True,1.2283520698547363,770,770,1.0,0.00011553450167411938
2019-12-20,True,1.2273540496826172,770,0,0.0,
2019-12-21,True,1.128788948059082,770,203,0.2636363636363636,1.774374868546147e-05
2019-12-22,True,1.225740909576416,770,30,0.03896103896103896,6.681736704194918e-05
2019-12-23,True,1.2268049716949463,770,0,0.0,
2019-12-24,True,1.3281819820404053,770,0,0.0,
2019-12-25,True,1.5373599529266357,770,31,0.04025974025974026,4.556464045890607e-05
2019-12-26,True,1.8437378406524658,770,60,0.07792207792207792,5.66088201594539e-05
2019-12-27,True,1.3304660320281982,770,702,0.9116883116883117,9.152519487543032e-05
2019-12-28,True,2.1498801708221436,770,0,0.0,
2019-12-29,True,1.3306410312652588,770,51,0.06623376623376623,4.87344223074615e-05
2019-12-30,True,5.013931035995483,770,648,0.8415584415584415,9.463077003601938e-05
2019-12-31,True,1.947220802307129,770,72,0.09350649350649351,0.0001150946191046387
2020-01-01,True,1.0213649272918701,770,767,0.9961038961038962,0.000131761931697838
2020-01-02,True,1.024496078491211,770,0,0.0,
2020-01-03,True,1.2052719593048096,770,0,0.0,
2020-01-04,True,1.2873880863189697,770,0,0.0,
2020-01-05,True,0.9854710102081299,770,0,0.0,
2020-01-06,True,0.9439389705657959,770,696,0.9038961038961039,0.0001276526745641604
2020-01-07,True,2.232686996459961,770,7,0.00909090909090909,0.00017923479026649147
2020-01-08,True,0.958021879196167,770,0,0.0,
2020-01-09,True,0.9645471572875977,770,0,0.0,
2020-01-10,True,0.9691710472106934,770,0,0.0,
2020-01-11,True,0.8924617767333984,770,232,0.3012987012987013,8.416239870712161e-05
2020-01-12,True,1.0228168964385986,770,14,0.01818181818181818,2.111591493303422e-05
2020-01-13,True,0.9191391468048096,770,71,0.09220779220779221,0.00010399906022939831
2020-01-14,True,1.051800012588501,770,26,0.033766233766233764,3.283433397882618e-05
2020-01-15,True,1.2007629871368408,770,648,0.8415584415584415,6.657615449512377e-05
2020-01-16,True,1.2092840671539307,770,770,1.0,0.00014166106120683253
2020-01-17,True,1.2439045906066895,770,0,0.0,
2020-01-18,True,1.2301301956176758,770,31,0.04025974025974026,0.00011695190914906561
2020-01-19,True,1.215162992477417,770,241,0.312987012987013,4.5710225094808266e-05
2020-01-20,True,2.81634783744812,770,131,0.17012987012987013,0.00021478957205545157
2020-01-21,True,1.2203350067138672,770,770,1.0,0.00020624345052056015
2020-01-22,True,2.938340187072754,770,0,0.0,
2020-01-23,True,1.3301339149475098,770,82,0.10649350649350649,0.00042868941091001034
2020-01-24,True,1.256404161453247,770,0,0.0,
2020-01-25,True,1.231001853942871,770,22,0.02857142857142857,0.000151658256072551
2020-01-26,True,1.4001567363739014,770,696,0.9038961038961039,9.924695768859237e-05
2020-01-27,True,1.3321149349212646,770,0,0.0,
2020-01-28,True,1.1982426643371582,770,67,0.08701298701298701,6.399732956197113e-05
2020-01-29,True,1.3625309467315674,770,169,0.21948051948051947,0.00010171262692892924
2020-01-30,True,1.2248289585113525,770,732,0.9506493506493506,5.110207348479889e-05
2020-01-31,True,1.1272740364074707,770,115,0.14935064935064934,0.00012122997577534989
2020-02-01,True,1.125546932220459,770,0,0.0,
2020-02-02,True,1.1405162811279297,770,0,0.0,
2020-02-03,True,0.9910588264465332,770,42,0.05454545454545454,6.828209006926045e-05
2020-02-04,True,1.200124979019165,770,9,0.011688311688311689,0.00010707944602472708
2020-02-05,True,1.168823003768921,770,770,1.0,0.00015591700503136963
2020-02-06,True,1.228775978088379,770,0,0.0,
2020-02-07,True,1.125607967376709,770,770,1.0,0.00013861764455214143
2020-02-08,True,1.0459887981414795,770,383,0.4974025974025974,0.00010631702025420964
2020-02-09,True,1.2055318355560303,770,0,0.0,
2020-02-10,True,1.2277920246124268,770,29,0.03766233766233766,4.046493995701894e-05
2020-02-11,True,1.2037429809570312,770,274,0.35584415584415585,6.90473971189931e-05
2020-02-12,True,2.5824978351593018,770,17,0.02207792207792208,8.428106957580894e-05
2020-02-13,True,1.3301129341125488,770,0,0.0,
2020-02-14,True,2.7652878761291504,770,0,0.0,
2020-02-15,True,2.5632660388946533,770,556,0.7220779220779221,8.018072549020872e-05
2020-02-16,True,1.2215769290924072,770,0,0.0,
2020-02-17,True,1.3310329914093018,770,339,0.44025974025974024,7.842724153306335e-05
2020-02-18,True,1.2280261516571045,770,54,0.07012987012987013,6.13362281001173e-05
2020-02-19,True,1.1926360130310059,770,95,0.12337662337662338,8.530141349183396e-05
2020-02-20,True,1.366880178451538,770,24,0.03116883116883117,9.937374852597713e-05
2020-02-21,True,1.432969093322754,770,0,0.0,
2020-02-22,True,1.2259960174560547,770,0,0.0,
2020-02-23,True,1.393862247467041,770,0,0.0,
2020-02-24,True,1.3691389560699463,770,0,0.0,
2020-02-25,True,1.433584213256836,770,175,0.22727272727272727,0.00010326113260816783
2020-02-26,True,1.3293440341949463,770,23,0.02987012987012987,0.00012644997332245111
2020-02-27,True,1.1271131038665771,770,0,0.0,
2020-02-28,True,1.1240971088409424,770,0,0.0,
2020-02-29,True,1.1273002624511719,770,258,0.33506493506493507,4.774420813191682e-05
2020-03-01,True,1.2493178844451904,770,0,0.0,
2020-03-02,True,1.1030800342559814,770,0,0.0,
2020-03-03,True,1.1262409687042236,770,206,0.2675324675324675,8.864462870405987e-05
2020-03-04,True,1.1246681213378906,770,249,0.3233766233766234,0.00012492056703194976
2020-03-05,True,1.0597379207611084,770,0,0.0,
2020-03-06,True,1.1921610832214355,770,0,0.0,
2020-03-07,True,1.1235718727111816,770,8,0.01038961038961039,0.0001264321617782116
2020-03-08,True,1.2322380542755127,770,0,0.0,
2020-03-09,True,1.2044858932495117,770,189,0.24545454545454545,9.74709982983768e-05
2020-03-10,True,1.1481990814208984,770,0,0.0,
2020-03-11,True,1.222808837890625,770,0,0.0,
2020-03-12,True,1.2319600582122803,770,739,0.9597402597402598,8.495317160850391e-05
2020-03-13,True,1.2289679050445557,770,275,0.35714285714285715,7.565052510472015e-05
2020-03-14,True,1.2284471988677979,770,414,0.5376623376623376,8.29304481158033e-05
2020-03-15,True,1.22763991355896,770,236,0.3064935064935065,5.483947825268842e-05
2020-03-16,True,1.125472068786621,770,466,0.6051948051948052,0.00023352066637016833
2020-03-17,True,1.3283390998840332,770,770,1.0,0.00014998088590800762
2020-03-18,True,1.2333171367645264,770,692,0.8987012987012987,0.00010930049029411748
2020-03-19,True,1.217789888381958,770,420,0.5454545454545454,0.00021336457575671375
2020-03-20,True,2.6688671112060547,770,0,0.0,
2020-03-21,True,2.8670122623443604,770,580,0.7532467532467533,5.4504722356796265e-05
2020-03-22,True,1.4292049407958984,770,331,0.42987012987012985,5.6693934311624616e-05
2020-03-23,True,1.2293570041656494,770,770,1.0,9.815252997213975e-05
2020-03-24,True,1.3319439888000488,770,770,1.0,9.673880413174629e-05
2020-03-25,True,1.432762861251831,770,770,1.0,0.00011900931713171303
2020-03-26,True,1.2281818389892578,770,770,1.0,7.239847036544234e-05
2020-03-27,True,2.560969114303589,770,770,1.0,0.00012338226952124387
2020-03-28,True,2.7375500202178955,770,770,1.0,9.506988862995058e-05
2020-03-29,True,1.4557631015777588,770,0,0.0,
2020-03-30,True,0.25604677200317383,770,0,0.0,
2020-03-31,True,0.9711060523986816,770,767,0.9961038961038962,0.00011064780846936628
2020-04-01,True,1.2296350002288818,770,770,1.0,0.0002128500782418996
2020-04-02,True,1.0485119819641113,770,0,0.0,
2020-04-03,True,1.2027909755706787,770,0,0.0,
2020-04-04,True,2.1471829414367676,770,770,1.0,8.460952813038602e-05
2020-04-05,True,1.9449360370635986,770,770,1.0,5.311334098223597e-05
2020-04-06,True,1.6507136821746826,770,770,1.0,9.45754800341092e-05
2020-04-07,True,1.1152448654174805,770,340,0.44155844155844154,0.00014204844774212688
2020-04-08,True,1.123528003692627,770,711,0.9233766233766234,0.00015532656107097864
2020-04-09,True,1.1779329776763916,770,770,1.0,7.614888454554603e-05
2020-04-10,True,1.176375150680542,770,770,1.0,5.860611054231413e-05
2020-04-11,True,2.2928919792175293,770,770,1.0,8.958057878771797e-05
2020-04-12,True,2.823359966278076,770,767,0.9961038961038962,9.958260488929227e-05
2020-04-13,True,3.074172019958496,770,770,1.0,3.644130629254505e-05
2020-04-14,True,2.556893825531006,770,18,0.023376623376623377,7.487806578865275e-05
2020-04-15,True,1.279820203781128,770,770,1.0,0.00020848859276156873
2020-04-16,True,1.3812458515167236,770,770,1.0,0.00023668994253966957
2020-04-17,True,1.1234288215637207,770,770,1.0,8.545789023628458e-05
2020-04-18,True,1.3333349227905273,770,0,0.0,
2020-04-19,True,1.4284131526947021,770,705,0.9155844155844156,6.864430906716734e-05
2020-04-20,True,1.2314770221710205,770,770,1.0,4.8948480980470777e-05
2020-04-21,True,1.2867059707641602,770,770,1.0,5.813228926854208e-05
2020-04-22,True,1.2703688144683838,770,770,1.0,6.619885971304029e-05
2020-04-23,True,2.1508710384368896,770,770,1.0,0.00010444493091199547
2020-04-24,True,1.3252899646759033,770,770,1.0,9.071184467757121e-05
2020-04-25,True,1.3339910507202148,770,770,1.0,6.738161755492911e-05
2020-04-26,True,3.136662006378174,770,770,1.0,8.599887951277196e-05
2020-04-27,True,1.2647271156311035,770,760,0.987012987012987,0.00013279102859087288
2020-04-28,True,2.6643829345703125,770,0,0.0,
2020-04-29,True,1.1250441074371338,770,19,0.024675324675324677,6.512488471344113e-05
2020-04-30,True,1.331892967224121,770,177,0.22987012987012986,4.657380122807808e-05
2020-05-01,True,2.661635160446167,770,141,0.18311688311688312,2.683371894818265e-05
2020-05-02,True,2.7744040489196777,770,26,0.033766233766233764,7.288405322469771e-05
2020-05-03,True,1.5953168869018555,770,60,0.07792207792207792,6.32101800874807e-05
2020-05-04,True,1.042175054550171,770,226,0.2935064935064935,7.209601608337834e-05
2020-05-05,True,1.2862610816955566,770,752,0.9766233766233766,7.66970042604953e-05
2020-05-06,True,1.2786579132080078,770,770,1.0,0.00011978415568592027
2020-05-07,True,1.4881839752197266,770,770,1.0,0.00019448480452410877
2020-05-08,True,1.3931338787078857,770,770,1.0,0.00012449124187696725
2020-05-09,True,1.0229318141937256,770,352,0.45714285714285713,0.00010762070451164618
2020-05-10,True,1.3358640670776367,770,0,0.0,
2020-05-11,True,1.4661750793457031,770,225,0.2922077922077922,2.9624090529978275e-05
2020-05-12,True,1.6229429244995117,770,10,0.012987012987012988,6.350024341372773e-05
2020-05-13,True,1.304041862487793,770,0,0.0,
2020-05-14,True,1.2486071586608887,770,364,0.4727272727272727,6.109551759436727e-05
2020-05-15,True,1.4248089790344238,770,206,0.2675324675324675,5.179023355594836e-05
2020-05-16,True,1.1120898723602295,770,3,0.003896103896103896,9.15248310775496e-05
2020-05-17,True,1.0760278701782227,770,89,0.11558441558441558,5.206723653827794e-05
2020-05-18,True,1.4611549377441406,770,770,1.0,9.711655729915947e-05
2020-05-19,True,1.3931012153625488,770,327,0.42467532467532465,0.00017330297851003706
2020-05-20,True,1.0697441101074219,770,0,0.0,
2020-05-21,True,1.219972848892212,770,770,1.0,5.191561285755597e-05
2020-05-22,True,2.824640989303589,770,0,0.0,
2020-05-23,True,3.038996934890747,770,52,0.06753246753246753,3.996120358351618e-05
2020-05-24,True,1.463310956954956,770,0,0.0,
2020-05-25,True,1.1505470275878906,770,0,0.0,
2020-05-26,True,1.3502609729766846,770,765,0.9935064935064936,7.648840255569667e-05
2020-05-27,True,1.4536519050598145,770,160,0.2077922077922078,0.00010826269863173366
2020-05-28,True,1.512019157409668,770,770,1.0,5.850815068697557e-05
2020-05-29,True,1.3607277870178223,770,769,0.9987012987012988,7.68015524954535e-05
2020-05-30,True,2.917492151260376,770,723,0.938961038961039,5.140678695170209e-05
2020-05-31,True,1.0597758293151855,770,770,1.0,3.97114890802186e-05
2020-06-01,True,2.6547188758850098,770,770,1.0,3.746448419406079e-05
2020-06-02,True,2.7261030673980713,770,769,0.9987012987012988,7.060208736220375e-05
2020-06-03,True,2.5332727432250977,770,718,0.9324675324675324,7.265179738169536e-05
2020-06-04,True,2.8991880416870117,770,0,0.0,
2020-06-05,True,2.2700159549713135,770,0,0.0,
2020-06-06,True,1.5253691673278809,770,95,0.12337662337662338,3.466615089564584e-05
2020-06-07,True,3.1577627658843994,770,139,0.18051948051948052,4.8738354962551966e-05
2020-06-08,True,1.4163801670074463,770,14,0.01818181818181818,3.706518327817321e-05
2020-06-09,True,1.3066821098327637,770,50,0.06493506493506493,4.438526593730785e-05
2020-06-10,True,1.177152156829834,770,0,0.0,
2020-06-11,True,1.2108819484710693,770,0,0.0,
2020-06-12,True,1.3461291790008545,770,587,0.7623376623376623,4.797866859007627e-05
2020-06-13,True,1.3535699844360352,770,225,0.2922077922077922,5.2621653594542295e-05
2020-06-14,True,1.2584271430969238,770,0,0.0,
2020-06-15,True,2.6384639739990234,770,3,0.003896103896103896,9.133238199865445e-05
2020-06-16,True,2.6212799549102783,770,0,0.0,
2020-06-17,True,1.6213760375976562,770,3,0.003896103896103896,5.415405030362308e-05
2020-06-18,True,1.4223659038543701,770,7,0.00909090909090909,3.8997492083581164e-05
2020-06-19,True,1.4144468307495117,770,328,0.42597402597402595,4.371864997665398e-05
2020-06-20,True,1.3135318756103516,770,351,0.45584415584415583,4.883925794274546e-05
2020-06-21,True,1.167375087738037,770,213,0.2766233766233766,4.4184766011312604e-05
2020-06-22,True,1.2040221691131592,770,346,0.44935064935064933,7.70195692894049e-05
2020-06-23,True,1.4110798835754395,770,770,1.0,8.441499812761322e-05
2020-06-24,True,1.4375250339508057,770,770,1.0,5.740679262089543e-05
2020-06-25,True,1.6838603019714355,770,518,0.6727272727272727,5.2793879149248824e-05
2020-06-26,True,1.1651031970977783,770,398,0.5168831168831168,6.906161434017122e-05
2020-06-27,True,1.3059751987457275,770,315,0.4090909090909091,4.2764004319906235e-05
2020-06-28,True,2.499424934387207,770,37,0.048051948051948054,4.277835614630021e-05
2020-06-29,True,1.3514292240142822,770,113,0.14675324675324675,5.8412588259670883e-05
2020-06-30,True,2.498960018157959,770,40,0.05194805194805195,5.648448131978512e-05
2020-07-01,True,2.6121857166290283,770,0,0.0,
2020-07-02,True,1.1915979385375977,770,20,0.025974025974025976,5.8418128901394084e-05
2020-07-03,True,1.4315850734710693,770,37,0.048051948051948054,4.226734017720446e-05
2020-07-04,True,1.4776740074157715,770,2,0.0025974025974025974,4.175322101218626e-05
2020-07-05,True,1.3521130084991455,770,0,0.0,
2020-07-06,True,1.6197569370269775,770,242,0.3142857142857143,4.276936670066789e-05
2020-07-07,True,1.0780260562896729,770,10,0.012987012987012988,4.23000383307226e-05
2020-07-08,True,1.4121627807617188,770,0,0.0,
2020-07-09,True,1.3361988067626953,770,0,0.0,
2020-07-10,True,1.066465139389038,770,0,0.0,
2020-07-11,True,1.26350998878479,770,210,0.2727272727272727,3.684262992464937e-05
2020-07-12,True,1.134310007095337,770,341,0.44285714285714284,6.356693484121934e-05
2020-07-13,True,1.1951680183410645,770,761,0.9883116883116884,0.00010086807742482051
2020-07-14,True,1.5866880416870117,770,0,0.0,
2020-07-15,True,1.4451301097869873,770,49,0.06363636363636363,6.0337111790431663e-05
2020-07-16,True,1.3616383075714111,770,0,0.0,
2020-07-17,True,1.443737268447876,770,9,0.011688311688311689,4.623211862053722e-05
2020-07-18,True,1.219970941543579,770,39,0.05064935064935065,5.9749185311375186e-05
2020-07-19,True,1.6423990726470947,770,176,0.22857142857142856,5.532700743060559e-05
2020-07-20,True,1.5509181022644043,770,356,0.4623376623376623,4.282188820070587e-05
2020-07-21,True,1.2733378410339355,770,178,0.23116883116883116,4.7835143050178885e-05
2020-07-22,True,1.5871989727020264,770,162,0.21038961038961038,0.00010627599112922326
2020-07-23,True,1.2141318321228027,770,722,0.9376623376623376,9.221083018928766e-05
2020-07-24,True,1.4809379577636719,770,0,0.0,
2020-07-25,True,1.5568139553070068,770,0,0.0,
2020-07-26,True,1.4457149505615234,770,456,0.5922077922077922,3.084955460508354e-05
2020-07-27,True,1.5801289081573486,770,2,0.0025974025974025974,5.698035238310695e-05
2020-07-28,True,1.201291799545288,770,0,0.0,
2020-07-29,True,1.3110530376434326,770,469,0.6090909090909091,9.120030154008418e-05
2020-07-30,True,3.004270076751709,770,770,1.0,0.00010289892088621855
2020-07-31,True,3.0244140625,770,770,1.0,7.463912334060296e-05
2020-08-01,True,0.2565498352050781,770,0,0.0,
2020-08-02,True,1.2902729511260986,770,43,0.05584415584415584,5.809801223222166e-05
2020-08-03,True,1.2501790523529053,770,71,0.09220779220779221,3.180904968758114e-05
2020-08-04,True,1.254054069519043,770,468,0.6077922077922078,6.208664126461372e-05
2020-08-05,True,1.4702768325805664,770,770,1.0,7.700180140091106e-05
2020-08-06,True,1.5897722244262695,770,770,1.0,7.198075763881207e-05
2020-08-07,True,1.3271958827972412,770,770,1.0,9.554750431561843e-05
2020-08-08,True,1.2831969261169434,770,770,1.0,6.942786421859637e-05
2020-08-09,True,1.3958048820495605,770,525,0.6818181818181818,9.11022798391059e-05
2020-08-10,True,1.3936710357666016,770,726,0.9428571428571428,6.818415567977354e-05
2020-08-11,True,1.4630091190338135,770,481,0.6246753246753247,5.6414097343804315e-05
2020-08-12,True,1.3859241008758545,770,717,0.9311688311688312,6.51574446237646e-05
2020-08-13,True,1.058765172958374,770,307,0.3987012987012987,0.0001236436073668301
2020-08-14,True,1.197077989578247,770,406,0.5272727272727272,0.00010448596731293947
2020-08-15,True,1.3420190811157227,770,0,0.0,
2020-08-16,True,1.2220511436462402,770,356,0.4623376623376623,4.743289537145756e-05
2020-08-17,True,1.1717371940612793,770,44,0.05714285714285714,8.831307786749676e-05
2020-08-18,True,1.3688750267028809,770,487,0.6324675324675325,5.6505061365896836e-05
2020-08-19,True,1.4098260402679443,770,406,0.5272727272727272,6.336427759379148e-05
2020-08-20,True,1.3257319927215576,770,2,0.0025974025974025974,7.698962144786492e-05
2020-08-21,True,1.2049200534820557,770,188,0.24415584415584415,5.49358046555426e-05
2020-08-22,True,1.2166130542755127,770,279,0.36233766233766235,3.650108556030318e-05
2020-08-23,True,1.1970739364624023,770,124,0.16103896103896104,3.602684955694713e-05
2020-08-24,True,1.215075969696045,770,0,0.0,
2020-08-25,True,1.3088340759277344,770,0,0.0,
2020-08-26,True,1.1702828407287598,770,0,0.0,
2020-08-27,True,1.1782078742980957,770,128,0.16623376623376623,0.00010933159501291811
2020-08-28,True,1.2738990783691406,770,94,0.12207792207792208,5.1934719522250816e-05
2020-08-29,True,1.4900732040405273,770,72,0.09350649350649351,3.188637492712587e-05
2020-08-30,True,1.253890037536621,770,389,0.5051948051948052,7.231980271171778e-05
2020-08-31,True,1.2536771297454834,770,170,0.22077922077922077,5.738169784308411e-05
2020-09-01,True,2.822819709777832,770,66,0.08571428571428572,4.341106614447199e-05
2020-09-02,True,1.0431621074676514,770,545,0.7077922077922078,0.00012340025568846613
2020-09-03,True,2.5073390007019043,770,0,0.0,
2020-09-04,True,1.171600341796875,770,15,0.01948051948051948,0.00012044152390444651
2020-09-05,True,1.2297251224517822,770,327,0.42467532467532465,7.498634658986703e-05
2020-09-06,True,1.166351079940796,770,115,0.14935064935064934,7.259424455696717e-05
2020-09-07,True,1.2321860790252686,770,381,0.4948051948051948,8.785108366282657e-05
2020-09-08,True,1.1478960514068604,770,0,0.0,
2020-09-09,True,0.9936800003051758,770,0,0.0,
2020-09-10,True,1.2723429203033447,770,518,0.6727272727272727,0.0001059459536918439
2020-09-11,True,1.0877580642700195,770,770,1.0,0.00012730843445751816
2020-09-12,True,1.1203179359436035,770,770,1.0,7.302741869352758e-05
2020-09-13,True,1.2316091060638428,770,770,1.0,7.161321263993159e-05
2020-09-14,True,0.26599788665771484,770,0,0.0,
2020-09-15,True,2.2709808349609375,770,770,1.0,0.0001482123479945585
2020-09-16,True,2.6109819412231445,770,723,0.938961038961039,0.0002092509821522981
2020-09-17,True,2.595397710800171,770,770,1.0,6.669981667073444e-05
2020-09-18,True,1.2051117420196533,770,770,1.0,9.505960042588413e-05
2020-09-19,True,1.168210744857788,770,770,1.0,9.178398613585159e-05
2020-09-20,True,1.1196413040161133,770,770,1.0,8.840482769301161e-05
2020-09-21,True,1.232269048690796,770,770,1.0,0.00017364681116305292
2020-09-22,True,1.2499489784240723,770,770,1.0,0.00023769037215970457
2020-09-23,True,1.182938814163208,770,517,0.6714285714285714,0.00012047067139064893
2020-09-24,True,1.2756741046905518,770,530,0.6883116883116883,6.313143967418e-05
2020-09-25,True,1.2884728908538818,770,44,0.05714285714285714,7.142172398744151e-05
2020-09-26,True,1.2846689224243164,770,0,0.0,
2020-09-27,True,1.2630701065063477,770,0,0.0,
2020-09-28,True,1.4008970260620117,770,0,0.0,
2020-09-29,True,1.1993200778961182,770,0,0.0,
2020-09-30,True,1.0474441051483154,770,45,0.05844155844155844,8.912129851523787e-05
2020-10-01,True,1.1664021015167236,770,0,0.0,
2020-10-02,True,1.3218979835510254,770,74,0.09610389610389611,2.7147820219397545e-05
2020-10-03,True,1.2236058712005615,770,0,0.0,
2020-10-04,True,1.2893130779266357,770,251,0.32597402597402597,2.3352127755060792e-05
2020-10-05,True,1.2465317249298096,770,31,0.04025974025974026,5.0317932618781924e-05
2020-10-06,True,2.6103742122650146,770,80,0.1038961038961039,6.545714859385043e-05
2020-10-07,True,1.2433128356933594,770,0,0.0,
2020-10-08,True,2.5103490352630615,770,2,0.0025974025974025974,9.374167711939663e-05
2020-10-09,True,2.5156562328338623,770,4,0.005194805194805195,0.0001571511384099722
2020-10-10,True,1.1387789249420166,770,141,0.18311688311688312,5.8078047004528344e-05
2020-10-11,True,2.316343069076538,770,7,0.00909090909090909,9.385034354636446e-05
2020-10-12,True,1.240211009979248,770,138,0.17922077922077922,0.00013154865882825106
2020-10-13,True,1.2027101516723633,770,294,0.38181818181818183,8.480401447741315e-05
2020-10-14,True,1.1504850387573242,770,0,0.0,
2020-10-15,True,1.2428452968597412,770,0,0.0,
2020-10-16,True,1.2597041130065918,770,0,0.0,
2020-10-17,True,1.2926528453826904,770,0,0.0,
2020-10-18,True,1.233269214630127,770,0,0.0,
2020-10-19,True,1.1919608116149902,770,112,0.14545454545454545,0.00015645856910850853
2020-10-20,True,1.3422257900238037,770,0,0.0,
2020-10-21,True,1.30507493019104,770,0,0.0,
2020-10-22,True,1.3318719863891602,770,135,0.17532467532467533,8.857745706336573e-05
2020-10-23,True,1.398136854171753,770,14,0.01818181818181818,0.00012971636897418648
2020-10-24,True,1.3312089443206787,770,44,0.05714285714285714,4.601783803082071e-05
2020-10-25,True,1.33097505569458,770,0,0.0,
2020-10-26,True,1.2295782566070557,770,4,0.005194805194805195,4.560414527077228e-05
2020-10-27,True,1.1026759147644043,770,0,0.0,
2020-10-28,True,1.237781047821045,770,543,0.7051948051948052,5.36381448910106e-05
2020-10-29,True,1.309082269668579,770,0,0.0,
2020-10-30,True,1.213636875152588,770,0,0.0,
2020-10-31,True,1.133971929550171,770,632,0.8207792207792208,7.820408063707873e-05
2020-11-01,True,1.1710269451141357,770,0,0.0,
2020-11-02,True,1.2588632106781006,770,0,0.0,
2020-11-03,True,1.13637113571167,770,716,0.9298701298701298,0.00012073672405676916
2020-11-04,True,1.1822209358215332,770,679,0.8818181818181818,0.0001317519781878218
2020-11-05,True,1.1561329364776611,770,770,1.0,0.0002439914969727397
2020-11-06,True,1.1225481033325195,770,770,1.0,0.00015758136578369886
2020-11-07,True,1.2294301986694336,770,750,0.974025974025974,9.458245767746121e-05
2020-11-08,True,1.0892391204833984,770,758,0.9844155844155844,9.422127914149314e-05
2020-11-09,True,1.2718541622161865,770,397,0.5155844155844156,0.0001652015489526093
2020-11-10,True,1.2042129039764404,770,770,1.0,0.0002486575103830546
2020-11-11,True,2.3841278553009033,770,99,0.12857142857142856,0.00022974959574639797
2020-11-12,True,5.288464307785034,770,11,0.014285714285714285,6.014568862156011e-05
2020-11-13,True,1.1685240268707275,770,0,0.0,
2020-11-14,True,1.1798253059387207,770,746,0.9688311688311688,9.932844113791361e-05
2020-11-15,True,1.2025260925292969,770,260,0.33766233766233766,5.398028952185996e-05
2020-11-16,True,1.3272769451141357,770,0,0.0,
2020-11-17,True,1.139326810836792,770,0,0.0,
2020-11-18,True,1.1904668807983398,770,770,1.0,0.00011547625763341784
2020-11-19,True,1.1267292499542236,770,93,0.12077922077922078,8.5956729890313e-05
2020-11-20,True,1.1567211151123047,770,625,0.8116883116883117,9.537763253320009e-05
2020-11-21,True,1.4487671852111816,770,173,0.22467532467532467,6.293455953709781e-05
2020-11-22,True,1.3800981044769287,770,0,0.0,
2020-11-23,True,1.3205811977386475,770,770,1.0,0.00014241381722968072
2020-11-24,True,1.3466150760650635,770,770,1.0,0.00014803964586462826
2020-11-25,True,1.2313320636749268,770,770,1.0,0.00012890210200566798
2020-11-26,True,1.2609918117523193,770,58,0.07532467532467532,9.711804159451276e-05
2020-11-27,True,1.1561579704284668,770,682,0.8857142857142857,0.0003096244181506336
2020-11-28,True,1.2429349422454834,770,465,0.6038961038961039,0.00016179645899683237
2020-11-29,True,1.23099684715271,770,650,0.8441558441558441,0.00011416261259000748
2020-11-30,True,1.1401550769805908,770,68,0.08831168831168831,8.357674960279837e-05
2020-12-01,True,1.2091090679168701,770,0,0.0,
2020-12-02,True,1.2555911540985107,770,0,0.0,
2020-12-03,True,1.1538660526275635,770,0,0.0,
2020-12-04,True,1.2489569187164307,770,331,0.42987012987012985,5.7091347116511315e-05
2020-12-05,True,1.2641558647155762,770,728,0.9454545454545454,9.64022838161327e-05
2020-12-06,True,1.0720899105072021,770,0,0.0,
2020-12-07,True,1.1270360946655273,770,0,0.0,
2020-12-08,True,1.0728778839111328,770,151,0.1961038961038961,0.00010720179125200957
2020-12-09,True,1.1117970943450928,770,443,0.5753246753246753,0.0003469560178928077
2020-12-10,True,1.0870800018310547,770,148,0.19220779220779222,8.871339377947152e-05
2020-12-11,True,1.4959049224853516,770,18,0.023376623376623377,6.298122752923518e-05
2020-12-12,True,2.4595658779144287,770,0,0.0,
2020-12-13,True,2.619729995727539,770,223,0.2896103896103896,0.00013057699834462255
2020-12-14,True,1.7695631980895996,770,175,0.22727272727272727,5.149959906702861e-05
2020-12-15,True,1.2179689407348633,770,0,0.0,
2020-12-16,True,1.2910840511322021,770,433,0.5623376623376624,0.0001426143862772733
2020-12-17,True,1.1023828983306885,770,204,0.2649350649350649,8.23176305857487e-05
2020-12-18,True,1.2987160682678223,770,770,1.0,9.684977703727782e-05
2020-12-19,True,1.1701769828796387,770,0,0.0,
2020-12-20,True,1.2935130596160889,770,294,0.38181818181818183,3.6726716643897817e-05
2020-12-21,True,2.9740307331085205,770,0,0.0,
2020-12-22,True,2.558077096939087,770,224,0.2909090909090909,8.947011519921944e-05
2020-12-23,True,1.2274250984191895,770,0,0.0,
2020-12-24,True,1.2484469413757324,770,0,0.0,
2020-12-25,True,1.0876708030700684,770,499,0.6480519480519481,4.615768921212293e-05
2020-12-26,True,1.3233187198638916,770,4,0.005194805194805195,4.4418731704354286e-05
2020-12-27,True,1.2199299335479736,770,0,0.0,
2020-12-28,True,1.2904329299926758,770,300,0.38961038961038963,-4.178139079158427e-06
2020-12-29,True,1.1408770084381104,770,0,0.0,
2020-12-30,True,1.0974206924438477,770,0,0.0,
2020-12-31,True,1.3742761611938477,770,0,0.0,
2021-01-01,True,1.2435579299926758,770,519,0.674025974025974,8.963977597886696e-05
2021-01-02,True,1.0816981792449951,770,44,0.05714285714285714,5.583131860475987e-05
2021-01-03,True,1.3293919563293457,770,0,0.0,
2021-01-04,True,2.7258691787719727,770,0,0.0,
2021-01-05,True,1.2101449966430664,770,0,0.0,
2021-01-06,True,2.812873125076294,770,0,0.0,
2021-01-07,True,1.5757827758789062,770,0,0.0,
2021-01-08,True,1.2796800136566162,770,0,0.0,
2021-01-09,True,1.2259011268615723,770,14,0.01818181818181818,0.00010820258466992527
2021-01-10,True,1.1005821228027344,770,295,0.38311688311688313,0.0001536104828119278
2021-01-11,True,1.0741660594940186,770,0,0.0,
2021-01-12,True,1.1543002128601074,770,273,0.35454545454545455,5.4023839766159654e-05
2021-01-13,True,1.1744117736816406,770,127,0.16493506493506493,0.00014402848319150507
2021-01-14,True,1.2586088180541992,770,273,0.35454545454545455,9.329470776719972e-05
2021-01-15,True,1.189500093460083,770,0,0.0,
2021-01-16,True,1.152169942855835,770,0,0.0,
2021-01-17,True,1.1757631301879883,770,52,0.06753246753246753,9.206814866047353e-05
2021-01-18,True,1.2985351085662842,770,0,0.0,
2021-01-19,True,1.2826130390167236,770,0,0.0,
2021-01-20,True,2.6109540462493896,770,0,0.0,
2021-01-21,True,3.055138111114502,770,127,0.16493506493506493,3.243848914280534e-05
2021-01-22,True,1.4086737632751465,770,453,0.5883116883116883,0.00010338200809201226
2021-01-23,True,1.1258628368377686,770,324,0.42077922077922075,4.728693966171704e-05
2021-01-24,True,1.3278942108154297,770,0,0.0,
2021-01-25,True,2.5572099685668945,770,247,0.3207792207792208,6.316520011750981e-05
2021-01-26,True,1.205286979675293,770,0,0.0,
2021-01-27,True,2.5800318717956543,770,0,0.0,
2021-01-28,True,1.430178165435791,770,0,0.0,
2021-01-29,True,1.3285961151123047,770,26,0.033766233766233764,4.471386637305841e-05
2021-01-30,True,1.3642702102661133,770,28,0.03636363636363636,3.704175105667673e-05
2021-01-31,True,1.2280242443084717,770,624,0.8103896103896104,4.463029108592309e-05
2021-02-01,True,2.3530051708221436,770,0,0.0,
2021-02-02,True,2.558986186981201,770,0,0.0,
2021-02-03,True,1.2262370586395264,770,0,0.0,
2021-02-04,True,1.2300360202789307,770,256,0.33246753246753247,9.56373187364079e-05
2021-02-05,True,1.2273890972137451,770,7,0.00909090909090909,7.113204628694803e-05
2021-02-06,True,1.4340050220489502,770,0,0.0,
2021-02-07,True,1.4305708408355713,770,0,0.0,
2021-02-08,True,1.2263438701629639,770,48,0.06233766233766234,0.00010253750951960683
2021-02-09,True,1.1148860454559326,770,538,0.6987012987012987,0.000183028620085679
2021-02-10,True,1.240778923034668,770,1,0.0012987012987012987,0.0002238472952740267
2021-02-11,True,1.2648699283599854,770,0,0.0,
2021-02-12,True,1.2962188720703125,770,24,0.03116883116883117,0.00016459774633403867
2021-02-13,True,1.126093864440918,770,181,0.23506493506493506,0.0001788572408258915
2021-02-14,True,1.2275888919830322,770,276,0.35844155844155845,0.00010659684630809352
2021-02-15,True,2.5638160705566406,770,0,0.0,
2021-02-16,True,1.2220711708068848,770,0,0.0,
2021-02-17,True,2.765416145324707,770,24,0.03116883116883117,0.00010685841698432341
2021-02-18,True,1.0732049942016602,770,187,0.24285714285714285,5.746552051277831e-05
2021-02-19,True,1.3836710453033447,770,764,0.9922077922077922,0.00010818071314133704
2021-02-20,True,1.2280409336090088,770,758,0.9844155844155844,8.240460738306865e-05
2021-02-21,True,1.1346912384033203,770,374,0.4857142857142857,0.00010264071897836402
2021-02-22,True,1.172516107559204,770,58,0.07532467532467532,6.821628630859777e-05
2021-02-23,True,1.2811896800994873,770,636,0.825974025974026,9.032667003339157e-05
2021-02-24,True,1.3225209712982178,770,770,1.0,0.00010077698243549094
2021-02-25,True,1.3296880722045898,770,509,0.6610389610389611,0.00013829712406732142
2021-02-26,True,1.2288181781768799,770,256,0.33246753246753247,8.504011202603579e-05
2021-02-27,True,1.2274870872497559,770,472,0.612987012987013,0.0001374537532683462
2021-02-28,True,2.850790023803711,770,770,1.0,6.639290950261056e-05
2021-03-01,True,1.0050950050354004,770,227,0.2948051948051948,0.0001249679335160181
2021-03-02,True,2.3894078731536865,770,770,1.0,0.00013321940787136555
2021-03-03,True,1.2275409698486328,770,770,1.0,0.00019714035443030298
2021-03-04,True,1.1253139972686768,770,0,0.0,
2021-03-05,True,1.2745652198791504,770,770,1.0,9.562191553413868e-05
2021-03-06,True,1.0987048149108887,770,770,1.0,0.00010496465256437659
2021-03-07,True,2.6409060955047607,770,525,0.6818181818181818,9.8396536486689e-05
2021-03-08,True,2.662682056427002,770,0,0.0,
2021-03-09,True,1.0243120193481445,770,0,0.0,
2021-03-10,True,1.2275290489196777,770,0,0.0,
2021-03-11,True,1.2293267250061035,770,72,0.09350649350649351,4.142971010878682e-05
2021-03-12,True,1.3302171230316162,770,33,0.04285714285714286,3.6139557778369635e-05
2021-03-13,True,1.2069509029388428,770,98,0.12727272727272726,3.9655013097217306e-05
2021-03-14,True,1.3518011569976807,770,12,0.015584415584415584,5.901443000766449e-05
2021-03-15,True,1.3293800354003906,770,74,0.09610389610389611,4.145614366279915e-05
2021-03-16,True,1.534623146057129,770,37,0.048051948051948054,4.341672683949582e-05
2021-03-17,True,1.2289721965789795,770,10,0.012987012987012988,5.490767216542736e-05
2021-03-18,True,1.2920942306518555,770,0,0.0,
2021-03-19,True,1.6738240718841553,770,469,0.6090909090909091,8.098607941064984e-05
2021-03-20,True,1.12839674949646,770,269,0.34935064935064936,0.00011522376007633284
2021-03-21,True,1.2844429016113281,770,0,0.0,
2021-03-22,True,1.1713759899139404,770,0,0.0,
2021-03-23,True,1.3312649726867676,770,7,0.00909090909090909,0.00015991013788152486
2021-03-24,True,1.3302459716796875,770,770,1.0,0.00021950455266050994
2021-03-25,True,1.227146863937378,770,0,0.0,
2021-03-26,True,1.371424913406372,770,208,0.2701298701298701,7.207543967524543e-05
2021-03-27,True,1.3910279273986816,770,422,0.548051948051948,4.4720301957568154e-05
2021-03-28,True,1.2828869819641113,770,43,0.05584415584415584,5.814414544147439e-05
2021-03-29,True,1.2736780643463135,770,770,1.0,9.512100223219022e-05
2021-03-30,True,1.1345961093902588,770,770,1.0,0.00021747812570538372
2021-03-31,True,1.0154497623443604,770,770,1.0,0.00020891698659397662
2021-04-01,True,1.2285521030426025,770,770,1.0,0.00013164237316232175
2021-04-02,True,1.1256556510925293,770,0,0.0,
2021-04-03,True,1.0934150218963623,770,294,0.38181818181818183,7.050288695609197e-05
2021-04-04,True,1.3631529808044434,770,0,0.0,
2021-04-05,True,1.12664794921875,770,228,0.2961038961038961,2.8963964723516256e-05
2021-04-06,True,1.228485107421875,770,35,0.045454545454545456,6.590900738956407e-05
2021-04-07,True,1.3575413227081299,770,0,0.0,
2021-04-08,True,1.300685167312622,770,0,0.0,
2021-04-09,True,1.2299058437347412,770,10,0.012987012987012988,7.348467624979094e-05
2021-04-10,True,1.0952041149139404,770,0,0.0,
2021-04-11,True,1.3587162494659424,770,0,0.0,
2021-04-12,True,1.4348599910736084,770,415,0.538961038961039,0.00012031124060740694
2021-04-13,True,1.1583659648895264,770,197,0.2558441558441558,7.095349428709596e-05
2021-04-14,True,1.2976579666137695,770,161,0.20909090909090908,6.758549716323614e-05
2021-04-15,True,1.2061166763305664,770,66,0.08571428571428572,4.817039371118881e-05
2021-04-16,True,2.417703151702881,770,281,0.36493506493506495,9.599000622984022e-05
2021-04-17,True,1.287161111831665,770,60,0.07792207792207792,5.551090362132527e-05
2021-04-18,True,1.1490309238433838,770,316,0.4103896103896104,6.328031304292381e-05
2021-04-19,True,1.4121017456054688,770,7,0.00909090909090909,5.0553837354527786e-05
2021-04-20,True,1.1530938148498535,770,75,0.09740259740259741,0.00010013260907726362
2021-04-21,True,1.253570795059204,770,97,0.12597402597402596,8.899222302716225e-05
2021-04-22,True,2.709885835647583,770,770,1.0,8.361883374163881e-05
2021-04-23,True,2.3569748401641846,770,770,1.0,7.586595165776089e-05
2021-04-24,True,1.134873867034912,770,320,0.4155844155844156,5.83331857342273e-05
2021-04-25,True,1.3214960098266602,770,754,0.9792207792207792,5.9470741689438e-05
2021-04-26,True,1.3296241760253906,770,396,0.5142857142857142,0.00014474321505986154
2021-04-27,True,1.3292121887207031,770,770,1.0,0.00011547155736479908
2021-04-28,True,1.332292079925537,770,740,0.961038961038961,0.00015335208445321769
2021-04-29,True,2.558781147003174,770,31,0.04025974025974026,0.00010846684745047241
2021-04-30,True,1.4632787704467773,770,0,0.0,
2021-05-01,True,2.460555076599121,770,68,0.08831168831168831,8.391420124098659e-05
2021-05-02,True,2.7271809577941895,770,31,0.04025974025974026,3.801875936915167e-05
2021-05-03,True,2.562635898590088,770,0,0.0,
2021-05-04,True,1.4326040744781494,770,43,0.05584415584415584,4.4544987758854404e-05
2021-05-05,True,3.060547113418579,770,140,0.18181818181818182,4.861580964643508e-05
2021-05-06,True,1.3411400318145752,770,3,0.003896103896103896,0.00012311030877754092
2021-05-07,True,2.8662593364715576,770,0,0.0,
2021-05-08,True,2.4154112339019775,770,0,0.0,
2021-05-09,True,2.906142234802246,770,728,0.9454545454545454,4.507806806941517e-05
2021-05-10,True,1.3303678035736084,770,5,0.006493506493506494,5.39717439096421e-05
2021-05-11,True,1.4344139099121094,770,0,0.0,
2021-05-12,True,1.227869987487793,770,55,0.07142857142857142,6.529338861582801e-05
2021-05-13,True,1.3308930397033691,770,83,0.10779220779220779,9.751355537446216e-05
2021-05-14,True,3.5832278728485107,770,119,0.15454545454545454,9.469529322814196e-05
2021-05-15,True,2.5567381381988525,770,5,0.006493506493506494,4.53484826721251e-05
2021-05-16,True,1.5048022270202637,770,380,0.4935064935064935,3.430946162552573e-05
2021-05-17,True,1.55104398727417,770,15,0.01948051948051948,2.6702471586759202e-05
2021-05-18,True,1.208395004272461,770,233,0.3025974025974026,9.675165347289294e-05
2021-05-19,True,1.5711290836334229,770,121,0.15714285714285714,4.254014493199065e-05
2021-05-20,True,1.4327208995819092,770,262,0.34025974025974026,9.918297291733325e-05
2021-05-21,True,1.5356881618499756,770,200,0.2597402597402597,4.311551310820505e-05
2021-05-22,True,1.534924030303955,770,0,0.0,
2021-05-23,True,1.3311371803283691,770,58,0.07532467532467532,1.9576928025344387e-05
2021-05-24,True,2.0517807006835938,770,0,0.0,
2021-05-25,True,1.632504940032959,770,107,0.13896103896103895,5.777521073468961e-05
2021-05-26,True,2.4216907024383545,770,186,0.24155844155844156,5.345053068595007e-05
2021-05-27,True,3.617426872253418,770,0,0.0,
2021-05-28,True,3.073044776916504,770,440,0.5714285714285714,9.619285265216604e-05
2021-05-29,True,1.5359530448913574,770,758,0.9844155844155844,6.728321750415489e-05
2021-05-30,True,1.5005950927734375,770,770,1.0,5.782294465461746e-05
2021-05-31,True,1.875920057296753,770,760,0.987012987012987,7.182316039688885e-05
2021-06-01,True,1.3306539058685303,770,770,1.0,9.174111619358882e-05
2021-06-02,True,1.5348012447357178,770,770,1.0,0.00010103142994921654
2021-06-03,True,2.557845115661621,770,277,0.35974025974025975,6.022060915711336e-05
2021-06-04,True,3.1728267669677734,770,328,0.42597402597402595,5.296641757013276e-05
2021-06-05,True,3.074276924133301,770,0,0.0,
2021-06-06,True,1.532270908355713,770,0,0.0,
2021-06-07,True,1.3289399147033691,770,32,0.04155844155844156,3.703412221511826e-05
2021-06-08,True,1.1286218166351318,770,16,0.02077922077922078,0.00012210530985612422
2021-06-09,True,1.5335018634796143,770,203,0.2636363636363636,6.496350397355855e-05
2021-06-10,True,1.361279010772705,770,701,0.9103896103896104,6.544542702613398e-05
2021-06-11,True,1.505373239517212,770,468,0.6077922077922078,7.206635928014293e-05
2021-06-12,True,1.52494478225708,770,9,0.011688311688311689,8.929190516937524e-05
2021-06-13,True,1.0240960121154785,770,462,0.6,6.088874215492979e-05
2021-06-14,True,1.3410680294036865,770,770,1.0,7.605611608596519e-05
2021-06-15,True,1.4304592609405518,770,564,0.7324675324675325,6.37305056443438e-05
2021-06-16,True,1.7415969371795654,770,625,0.8116883116883117,8.11196950962767e-05
2021-06-17,True,1.5339410305023193,770,708,0.9194805194805195,6.574007420567796e-05
2021-06-18,True,1.4331200122833252,770,471,0.6116883116883117,9.904776379698887e-05
2021-06-19,True,1.2267508506774902,770,231,0.3,5.2626830438384786e-05
2021-06-20,True,1.5355908870697021,770,200,0.2597402597402597,4.747516140923835e-05
2021-06-21,True,1.5938959121704102,770,0,0.0,
2021-06-22,True,1.5365080833435059,770,0,0.0,
2021-06-23,True,1.589963674545288,770,0,0.0,
2021-06-24,True,1.225207805633545,770,5,0.006493506493506494,3.3513042581034824e-05
2021-06-25,True,1.7621850967407227,770,0,0.0,
2021-06-26,True,1.2992448806762695,770,22,0.02857142857142857,7.532374002039433e-05
2021-06-27,True,1.534700870513916,770,513,0.6662337662337663,4.366993380244821e-05
2021-06-28,True,1.5363330841064453,770,239,0.3103896103896104,0.00012167909153504297
2021-06-29,True,1.1249580383300781,770,92,0.11948051948051948,4.0053128032013774e-05
2021-06-30,True,1.2628352642059326,770,0,0.0,
2021-07-01,True,1.7046599388122559,770,0,0.0,
2021-07-02,True,1.228823184967041,770,95,0.12337662337662338,6.104163912823424e-05
2021-07-03,True,1.486624002456665,770,418,0.5428571428571428,4.9725505959941074e-05
2021-07-04,True,1.5835762023925781,770,10,0.012987012987012988,2.158089409931563e-05
2021-07-05,True,1.330348014831543,770,0,0.0,
2021-07-06,True,1.6385722160339355,770,41,0.053246753246753244,4.118362267035991e-05
2021-07-07,True,1.535593032836914,770,68,0.08831168831168831,2.949121881101746e-05
2021-07-08,True,1.535550832748413,770,0,0.0,
2021-07-09,True,1.536571979522705,770,126,0.16363636363636364,3.593560541048646e-05
2021-07-10,True,1.0240769386291504,770,25,0.032467532467532464,5.025892096455209e-05
2021-07-11,True,1.359415054321289,770,8,0.01038961038961039,5.8067213103640825e-05
2021-07-12,True,1.4024910926818848,770,0,0.0,
2021-07-13,True,1.487185001373291,770,0,0.0,
2021-07-14,True,1.2512319087982178,770,0,0.0,
2021-07-15,True,1.2503600120544434,770,0,0.0,
2021-07-16,True,1.3327748775482178,770,0,0.0,
2021-07-17,True,1.6382560729980469,770,768,0.9974025974025974,2.926379966083914e-05
2021-07-18,True,2.149296760559082,770,770,1.0,3.262222890043631e-05
2021-07-19,True,1.4349079132080078,770,16,0.02077922077922078,2.8839513106504455e-05
2021-07-20,True,1.7396342754364014,770,724,0.9402597402597402,5.288570173433982e-05
2021-07-21,True,1.9945220947265625,770,191,0.24805194805194805,8.793579036137089e-05
2021-07-22,True,1.5318880081176758,770,247,0.3207792207792208,4.917494152323343e-05
2021-07-23,True,2.16959285736084,770,770,1.0,5.6196564401034266e-05
2021-07-24,True,1.5435400009155273,770,0,0.0,
2021-07-25,True,1.7649128437042236,770,317,0.4116883116883117,2.3481301468564197e-05
2021-07-26,True,1.2294049263000488,770,158,0.2051948051948052,3.99964555981569e-05
2021-07-27,True,1.4328477382659912,770,0,0.0,
2021-07-28,True,1.638329029083252,770,145,0.18831168831168832,3.822866710834205e-05
2021-07-29,True,1.6370630264282227,770,181,0.23506493506493506,4.023233486805111e-05
2021-07-30,True,1.8069298267364502,770,99,0.12857142857142856,3.9315571484621614e-05
2021-07-31,True,1.0700290203094482,770,0,0.0,
2021-08-01,True,1.4219670295715332,770,335,0.43506493506493504,3.1209743610816076e-05
2021-08-02,True,1.1911540031433105,770,76,0.0987012987012987,6.020174623699859e-05
2021-08-03,True,1.466174840927124,770,0,0.0,
2021-08-04,True,1.4819681644439697,770,64,0.08311688311688312,5.750411219196394e-05
2021-08-05,True,1.4110939502716064,770,88,0.11428571428571428,0.00010869156540138647
2021-08-06,True,1.409087896347046,770,78,0.1012987012987013,4.4483957026386634e-05
2021-08-07,True,1.433197021484375,770,367,0.4766233766233766,2.854759804904461e-05
2021-08-08,True,1.4313609600067139,770,223,0.2896103896103896,1.8328448277316056e-05
2021-08-09,True,3.8917322158813477,770,102,0.13246753246753246,2.7810976462205872e-05
2021-08-10,True,3.1737349033355713,770,179,0.23246753246753246,5.0727776397252455e-05
2021-08-11,True,1.1248481273651123,770,388,0.5038961038961038,6.419590499717742e-05
2021-08-12,True,1.2246100902557373,770,45,0.05844155844155844,6.552005652338266e-05
2021-08-13,True,1.5367720127105713,770,37,0.048051948051948054,6.930937524884939e-05
2021-08-14,True,1.230565071105957,770,757,0.9831168831168832,6.956615834496915e-05
2021-08-15,True,1.2267241477966309,770,564,0.7324675324675325,4.7846064262557775e-05
2021-08-16,True,1.1805849075317383,770,0,0.0,
2021-08-17,True,1.318511724472046,770,0,0.0,
2021-08-18,True,1.1861131191253662,770,0,0.0,
2021-08-19,True,1.2300670146942139,770,0,0.0,
2021-08-20,True,1.3281669616699219,770,123,0.15974025974025974,5.54731632291805e-05
2021-08-21,True,1.3293178081512451,770,235,0.3051948051948052,7.217553502414376e-05
2021-08-22,True,1.3305020332336426,770,273,0.35454545454545455,3.906439451384358e-05
2021-08-23,True,1.4319849014282227,770,0,0.0,
2021-08-24,True,1.330937147140503,770,696,0.9038961038961039,4.0685106796445325e-05
2021-08-25,True,1.279541015625,770,770,1.0,7.421457121381536e-05
2021-08-26,True,1.381875991821289,770,135,0.17532467532467533,3.697991633089259e-05
2021-08-27,True,1.3302359580993652,770,111,0.14415584415584415,4.2277490138076246e-05
2021-08-28,True,1.636512041091919,770,0,0.0,
2021-08-29,True,1.3270070552825928,770,0,0.0,
2021-08-30,True,1.1390540599822998,770,43,0.05584415584415584,3.284628110122867e-05
2021-08-31,True,1.4206531047821045,770,379,0.4922077922077922,5.1670394896063954e-05
2021-09-01,True,1.3271050453186035,770,0,0.0,
2021-09-02,True,1.037539005279541,770,704,0.9142857142857143,8.963204163592309e-05
2021-09-03,True,2.3457679748535156,770,770,1.0,9.38445155043155e-05
2021-09-04,True,1.4729459285736084,770,342,0.44415584415584414,6.040400330675766e-05
2021-09-05,True,2.6231210231781006,770,770,1.0,7.505199027946219e-05
2021-09-06,True,2.6914098262786865,770,614,0.7974025974025974,0.0001134560807258822
2021-09-07,True,1.1997220516204834,770,770,1.0,0.00011266952787991613
2021-09-08,True,2.3548178672790527,770,767,0.9961038961038962,7.232670759549364e-05
2021-09-09,True,1.3286769390106201,770,578,0.7506493506493507,8.698818419361487e-05
2021-09-10,True,1.331986904144287,770,126,0.16363636363636364,6.708204455208033e-05
2021-09-11,True,1.1251931190490723,770,13,0.016883116883116882,6.506660429295152e-05
2021-09-12,True,1.3292789459228516,770,81,0.10519480519480519,6.63164901197888e-05
2021-09-13,True,1.2271370887756348,770,270,0.35064935064935066,0.00010380009916843846
2021-09-14,True,1.3297863006591797,770,571,0.7415584415584415,9.068273357115686e-05
2021-09-15,True,1.2290759086608887,770,0,0.0,
2021-09-16,True,1.606558084487915,770,68,0.08831168831168831,5.536220851354301e-05
2021-09-17,True,1.3622157573699951,770,0,0.0,
2021-09-18,True,1.4315011501312256,770,511,0.6636363636363637,9.972252155421302e-05
2021-09-19,True,1.2796919345855713,770,91,0.11818181818181818,7.520750659750775e-05
2021-09-20,True,1.2755939960479736,770,340,0.44155844155844154,8.446458377875388e-05
2021-09-21,True,2.974639892578125,770,235,0.3051948051948052,0.00014524965081363916
2021-09-22,True,2.9682440757751465,770,770,1.0,0.00016965628310572356
2021-09-23,True,1.4169232845306396,770,131,0.17012987012987013,0.00011635561531875283
2021-09-24,True,1.446349859237671,770,0,0.0,
2021-09-25,True,1.3336491584777832,770,27,0.03506493506493506,6.931336974957958e-05
2021-09-26,True,1.2660610675811768,770,357,0.4636363636363636,0.00012486414925660938
2021-09-27,True,2.4431068897247314,770,0,0.0,
2021-09-28,True,1.407475233078003,770,164,0.21298701298701297,0.00012015112588414922
2021-09-29,True,2.3560409545898438,770,0,0.0,
2021-09-30,True,1.2272162437438965,770,428,0.5558441558441558,0.00010257014218950644
2021-10-01,True,1.330125093460083,770,694,0.9012987012987013,7.891841232776642e-05
2021-10-02,True,1.3294999599456787,770,3,0.003896103896103896,0.00013623244012705982
2021-10-03,True,1.1031179428100586,770,0,0.0,
2021-10-04,True,1.5570478439331055,770,770,1.0,6.591172859771177e-05
2021-10-05,True,1.5325098037719727,770,357,0.4636363636363636,3.8159214454935864e-05
2021-10-06,True,1.2270190715789795,770,0,0.0,
2021-10-07,True,1.3288812637329102,770,555,0.7207792207792207,0.0001308760402025655
2021-10-08,True,1.2256298065185547,770,770,1.0,0.00013313672388903797
2021-10-09,True,1.622817039489746,770,770,1.0,0.00015031023940537125
2021-10-10,True,1.139718770980835,770,770,1.0,0.00015980273019522429
2021-10-11,True,1.2252528667449951,770,394,0.5116883116883116,7.213047501863912e-05
2021-10-12,True,1.483168125152588,770,52,0.06753246753246753,7.204153371276334e-05
2021-10-13,True,1.2734029293060303,770,109,0.14155844155844155,8.785865065874532e-05
2021-10-14,True,1.2400932312011719,770,0,0.0,
2021-10-15,True,1.1136109828948975,770,525,0.6818181818181818,6.925578054506332e-05
2021-10-16,True,1.2314980030059814,770,19,0.024675324675324677,0.0001681571447988972
2021-10-17,True,1.13165283203125,770,264,0.34285714285714286,0.00012991353287361562
2021-10-18,True,1.245253086090088,770,552,0.7168831168831169,0.0001082683156710118
2021-10-19,True,1.097764015197754,770,0,0.0,
2021-10-20,True,1.4326679706573486,770,0,0.0,
2021-10-21,True,1.3235971927642822,770,61,0.07922077922077922,0.00012813798093702644
2021-10-22,True,1.2521860599517822,770,55,0.07142857142857142,9.362659329781309e-05
2021-10-23,True,1.2474112510681152,770,520,0.6753246753246753,9.982078336179256e-05
2021-10-24,True,1.2926101684570312,770,770,1.0,9.366227459395304e-05
2021-10-25,True,1.4325199127197266,770,67,0.08701298701298701,0.0001241629506694153
2021-10-26,True,1.309730052947998,770,209,0.2714285714285714,7.696270768065006e-05
2021-10-27,True,1.347139835357666,770,418,0.5428571428571428,0.00011639724834822118
2021-10-28,True,1.4642059803009033,770,770,1.0,0.00011250767420278862
2021-10-29,True,1.3788096904754639,770,231,0.3,8.417065691901371e-05
2021-10-30,True,1.1496448516845703,770,0,0.0,
2021-10-31,True,1.1977238655090332,770,31,0.04025974025974026,6.111444963607937e-05
2021-11-01,True,1.2460358142852783,770,466,0.6051948051948052,5.239293022896163e-05
2021-11-02,True,1.1396281719207764,770,58,0.07532467532467532,8.314094884553924e-05
2021-11-03,True,1.4318747520446777,770,0,0.0,
2021-11-04,True,1.2284328937530518,770,0,0.0,
2021-11-05,True,1.330143928527832,770,76,0.0987012987012987,0.0001409255783073604
2021-11-06,True,1.2280082702636719,770,102,0.13246753246753246,8.742407226236537e-05
2021-11-07,True,1.2251980304718018,770,482,0.625974025974026,6.810307240812108e-05
2021-11-08,True,1.1738059520721436,770,353,0.4584415584415584,0.00010623269918141887
2021-11-09,True,1.3364410400390625,770,770,1.0,0.00014762584760319442
2021-11-10,True,1.3799200057983398,770,620,0.8051948051948052,0.00012904264440294355
2021-11-11,True,1.1468307971954346,770,131,0.17012987012987013,0.0001795436692191288
2021-11-12,True,1.2438042163848877,770,755,0.9805194805194806,0.00017067219596356153
2021-11-13,True,1.1907610893249512,770,0,0.0,
2021-11-14,True,2.891200065612793,770,155,0.2012987012987013,7.804643246345222e-05
2021-11-15,True,1.187614917755127,770,0,0.0,
2021-11-16,True,2.6747467517852783,770,0,0.0,
2021-11-17,True,1.2278308868408203,770,4,0.005194805194805195,0.0002481199917383492
2021-11-18,True,1.2293362617492676,770,767,0.9961038961038962,0.00012801076809410006
2021-11-19,True,1.3313028812408447,770,4,0.005194805194805195,0.00011017815995728597
2021-11-20,True,1.3301670551300049,770,0,0.0,
2021-11-21,True,1.2286739349365234,770,418,0.5428571428571428,3.38939753419254e-05
2021-11-22,True,1.2123761177062988,770,770,1.0,7.91020502219908e-05
2021-11-23,True,1.448965072631836,770,0,0.0,
2021-11-24,True,1.2283859252929688,770,0,0.0,
2021-11-25,True,1.3300061225891113,770,0,0.0,
2021-11-26,True,1.304504156112671,770,0,0.0,
2021-11-27,True,1.4552667140960693,770,737,0.9571428571428572,9.671648149378598e-05
2021-11-28,True,1.3303618431091309,770,300,0.38961038961038963,0.0001346580102108419
2021-11-29,True,1.2182049751281738,770,197,0.2558441558441558,5.953688014415093e-05
2021-11-30,True,1.2416038513183594,770,0,0.0,
2021-12-01,True,1.1257972717285156,770,9,0.011688311688311689,3.160508276778273e-05
2021-12-02,True,1.2269911766052246,770,24,0.03116883116883117,1.5131746295082849e-05
2021-12-03,True,1.1856462955474854,770,0,0.0,
2021-12-04,True,1.372931957244873,770,0,0.0,
2021-12-05,True,1.3318290710449219,770,48,0.06233766233766234,3.472432945272885e-05
2021-12-06,True,2.9688637256622314,770,18,0.023376623376623377,0.0002423970290692523
2021-12-07,True,2.7639029026031494,770,643,0.8350649350649351,0.00014719199680257589
2021-12-08,True,1.2739131450653076,770,671,0.8714285714285714,6.786486483179033e-05
2021-12-09,True,1.1408610343933105,770,0,0.0,
2021-12-10,True,1.164609670639038,770,353,0.4584415584415584,4.9442787712905556e-05
2021-12-11,True,0.27185630798339844,770,0,0.0,
2021-12-12,True,1.201202154159546,770,0,0.0,
2021-12-13,True,1.3945162296295166,770,0,0.0,
2021-12-14,True,1.4327669143676758,770,48,0.06233766233766234,5.675709689967334e-05
2021-12-15,True,1.4325668811798096,770,0,0.0,
2021-12-16,True,1.2268760204315186,770,0,0.0,
2021-12-17,True,1.229346752166748,770,0,0.0,
2021-12-18,True,1.3238139152526855,770,0,0.0,
2021-12-19,True,1.3374812602996826,770,0,0.0,
2021-12-20,True,1.2277610301971436,770,763,0.990909090909091,0.0001551406894577667
2021-12-21,True,1.3289239406585693,770,614,0.7974025974025974,0.00017586667672730982
2021-12-22,True,1.3185820579528809,770,258,0.33506493506493507,0.0001382702321279794
2021-12-23,True,1.3414521217346191,770,0,0.0,
2021-12-24,True,1.329186201095581,770,0,0.0,
2021-12-25,True,1.3347349166870117,770,706,0.9168831168831169,8.14015293144621e-05
2021-12-26,True,1.433213233947754,770,100,0.12987012987012986,4.3696112697944045e-05
2021-12-27,True,1.3292391300201416,770,346,0.44935064935064933,0.00010596850916044787
2021-12-28,True,1.4333078861236572,770,0,0.0,
2021-12-29,True,1.436711311340332,770,0,0.0,
2021-12-30,True,1.2230868339538574,770,0,0.0,
2021-12-31,True,1.151188850402832,770,266,0.34545454545454546,5.863508704351261e-05
